
BEGIN TRANSACTION;

CREATE TABLE category (
	id SERIAL, 
	name TEXT, 
	PRIMARY KEY (id)
);

INSERT INTO "category" VALUES(1,'Dining Room');
INSERT INTO "category" VALUES(2,'Living Room');
INSERT INTO "category" VALUES(3,'Bedroom Furniture');

CREATE TABLE users (
	id SERIAL, 
	username TEXT, 
	password_hash TEXT, 
	email TEXT, 
	picture TEXT,
	PRIMARY KEY (id)
);

INSERT INTO "users" VALUES(1,'Nikiya Simpson',NULL,'nikiyasimpson@gmail.com','https://lh3.googleusercontent.com/-AnUssbKV0K4/AAAAAAAAAAI/AAAAAAAAAPI/1zc1BI5p-F8/photo.jpg');
INSERT INTO "users" VALUES(2,'Beta Pi Omega Photos',NULL,'betapiomegaphotos@gmail.com','https://lh6.googleusercontent.com/-0NRIZYCHrRU/AAAAAAAAAAI/AAAAAAAAAAA/ACHi3rc4ydhUFTEXzqVcI8LA7cUBdknuaA/mo/photo.jpg');
INSERT INTO "users" VALUES(3,'Nikiya Simpson',NULL,'arcounselingcenter@gmail.com','https://lh3.googleusercontent.com/-3XVBswUQMjI/AAAAAAAAAAI/AAAAAAAAAAA/ACHi3rdpeAs8Tm6nciSf9vtL3dGO4m359w/mo/photo.jpg');
CREATE TABLE item (
	id SERIAL, 
	name TEXT, 
	picture TEXT, 
	description TEXT, 
	price TEXT, 
	category_id INTEGER, 
	user_id INTEGER, 
	PRIMARY KEY (id), 
	FOREIGN KEY (category_id) REFERENCES category (id), 
	FOREIGN KEY (user_id) REFERENCES users (id)
);
INSERT INTO "item" VALUES(2,'Leather Sofa','churchill-sofa-1418881.jpg','Black Leather Sofa. Traditional.','4999.99',2,1);
INSERT INTO "item" VALUES(3,'Contemporary Arm Chair','armchair-1235588.jpg','This arm chair works well with a light color rug and contemporary sets.','199.99',2,2);
INSERT INTO "item" VALUES(4,'Round Wood Table','circle_wood_table.jpg','Perfect for small breakfast nook. Wood with metal legs. Specifications available.','109.99',1,1);
INSERT INTO "item" VALUES(5,'Armoire','red-armoire.jpg','Red bedroom armoire','399.99',3,1);
INSERT INTO "item" VALUES(6,'Red Sofa','red-sofa.jpg','Large Red Sofa','299.99',2,1);
INSERT INTO "item" VALUES(7,'Red Chair and Ottoman','red-chair-ottoman.jpg','Cute Ottoman Set','399.99',2,1);
INSERT INTO "item" VALUES(8,'White Leather Sofa','white-leather-sofa.jpg','Cool contemporary white leather sofa','1,999.00',2,1);
INSERT INTO "item" VALUES(9,'Tall Wood Bed Frame','large_wooden_bed_frame.jpeg','Really cool bed frame.','599.99',3,1);
INSERT INTO "item" VALUES(10,'Dark Wood Bed Frame','dark_wood_bed_frame.jpeg','Modern contemporary bedframe.','699.99',3,1);
INSERT INTO "item" VALUES(11,'Bezelled Mirror Dressor','bezzeld_mirror_dresser.jpeg','Modern dresser with mirrors.','799.99',3,1);
INSERT INTO "item" VALUES(12,'Rustic Dining Room Table and Bench','rustic_dining_room_table_and_bench.jpeg','Farmhouse style dining room table and bench chairs','1200.00',1,1);
INSERT INTO "item" VALUES(13,'Contemporary Wood Server','contemporary_wood_server.jpeg','wood server great for contemporary set','499.99',1,1);
INSERT INTO "item" VALUES(14,'Kubu Dining Chair','wicker_dinner_room_chair.jpeg','Dining chair. Nice for modern set.','129.99',1,1);
CREATE INDEX ix_user_username ON users (username);
COMMIT;
